{"LLA": [30.62225, -96.331761], "tire pressure": 83, "battery": 81, "Lidar status": 1,"Time":"2019_4_28_15_46"}
